[{"fields": {"model": "logentry", "app_label": "admin"}, "model": "contenttypes.contenttype", "pk": 1}, {"fields": {"model": "permission", "app_label": "auth"}, "model": "contenttypes.contenttype", "pk": 2}, {"fields": {"model": "group", "app_label": "auth"}, "model": "contenttypes.contenttype", "pk": 3}, {"fields": {"model": "user", "app_label": "auth"}, "model": "contenttypes.contenttype", "pk": 4}, {"fields": {"model": "contenttype", "app_label": "contenttypes"}, "model": "contenttypes.contenttype", "pk": 5}, {"fields": {"model": "session", "app_label": "sessions"}, "model": "contenttypes.contenttype", "pk": 6}, {"fields": {"model": "adoptante", "app_label": "animalitos"}, "model": "contenttypes.contenttype", "pk": 7}, {"fields": {"model": "animal", "app_label": "animalitos"}, "model": "contenttypes.contenttype", "pk": 8}, {"fields": {"model": "adoptar", "app_label": "animalitos"}, "model": "contenttypes.contenttype", "pk": 9}, {"fields": {"expire_date": "2015-09-24T17:21:45.310Z", "session_data": "MjZjM2ZhNzNlYTZjODI3NGE2ZjYwMWQ3NGJjYWNlNzViMzk5MThiNTp7Il9hdXRoX3VzZXJfaGFzaCI6IjJjZGVlNTA3YmVhZGFiOGUxOWQ1YjgxYjU1ZDY0MDE1OTZlYWZkZjAiLCJfYXV0aF91c2VyX2JhY2tlbmQiOiJkamFuZ28uY29udHJpYi5hdXRoLmJhY2tlbmRzLk1vZGVsQmFja2VuZCIsIl9hdXRoX3VzZXJfaWQiOiIxIn0="}, "model": "sessions.session", "pk": "fxcuusni1eswjtetk6jjemckf6yfr8w7"}, {"fields": {"expire_date": "2015-09-25T15:50:25.692Z", "session_data": "MjZjM2ZhNzNlYTZjODI3NGE2ZjYwMWQ3NGJjYWNlNzViMzk5MThiNTp7Il9hdXRoX3VzZXJfaGFzaCI6IjJjZGVlNTA3YmVhZGFiOGUxOWQ1YjgxYjU1ZDY0MDE1OTZlYWZkZjAiLCJfYXV0aF91c2VyX2JhY2tlbmQiOiJkamFuZ28uY29udHJpYi5hdXRoLmJhY2tlbmRzLk1vZGVsQmFja2VuZCIsIl9hdXRoX3VzZXJfaWQiOiIxIn0="}, "model": "sessions.session", "pk": "i8u8z2mtaz2bx83f1vfbxig5ptb8fwgt"}, {"fields": {"expire_date": "2015-09-25T14:39:25.200Z", "session_data": "MjZjM2ZhNzNlYTZjODI3NGE2ZjYwMWQ3NGJjYWNlNzViMzk5MThiNTp7Il9hdXRoX3VzZXJfaGFzaCI6IjJjZGVlNTA3YmVhZGFiOGUxOWQ1YjgxYjU1ZDY0MDE1OTZlYWZkZjAiLCJfYXV0aF91c2VyX2JhY2tlbmQiOiJkamFuZ28uY29udHJpYi5hdXRoLmJhY2tlbmRzLk1vZGVsQmFja2VuZCIsIl9hdXRoX3VzZXJfaWQiOiIxIn0="}, "model": "sessions.session", "pk": "u7rz26h7umwzbke6a47zx83kfhp3fmp5"}, {"fields": {"apellido": "Hernandez", "cuidad": "Espinal", "informacion": "Hay dos hojas de cachetes.. revisar..", "departamento": "Tolima", "direccion": "Calle 9 N 7 28 Centro", "nombre": "Bellanid", "telefono": 3202835088, "email": "", "cedula": 65552928}, "model": "animalitos.adoptante", "pk": 5}, {"fields": {"apellido": "Aroca", "cuidad": "Espinal", "informacion": "", "departamento": "Tolima", "direccion": "Mz Casa 14 R, de la villa", "nombre": "Imelda", "telefono": 3138966275, "email": "saritapegui@hotmail.com", "cedula": 65702142}, "model": "animalitos.adoptante", "pk": 6}, {"fields": {"apellido": "casilimas", "cuidad": "Espinal", "informacion": "", "departamento": "Tolima", "direccion": "mz f ?-16 villa lorena", "nombre": "zulma", "telefono": 3007380445, "email": "", "cedula": 66705445}, "model": "animalitos.adoptante", "pk": 7}, {"fields": {"apellido": "Salcedo", "cuidad": "Espinal", "informacion": "", "departamento": "Tolima", "direccion": "Mz N Casa 91(sedor)? La magdalena", "nombre": "Muria Ines", "telefono": 3203144593, "email": "mainsava2009@hotmail.com", "cedula": 52820977}, "model": "animalitos.adoptante", "pk": 8}, {"fields": {"apellido": "Sanchez", "cuidad": "Espinal", "informacion": "", "departamento": "Tolima", "direccion": "cll 4 N 10-90 Isalas Olnas", "nombre": "Ofelia", "telefono": 3125701234, "email": "", "cedula": 28707648}, "model": "animalitos.adoptante", "pk": 9}, {"fields": {"apellido": "Vergara Vera", "cuidad": "Espinal", "informacion": "", "departamento": "Tolima", "direccion": "cra 9 N 10-86 Centro", "nombre": "Defanira", "telefono": 3208725323, "email": "", "cedula": 651703919}, "model": "animalitos.adoptante", "pk": 10}, {"fields": {"apellido": "Valencia", "cuidad": "Espinal", "informacion": "", "departamento": "Tolima", "direccion": "Cra 11 N12-86 Caballero y gongora", "nombre": "Liliana", "telefono": 3115736459, "email": "", "cedula": 0}, "model": "animalitos.adoptante", "pk": 11}, {"fields": {"apellido": "Gomez", "cuidad": "Chicoral", "informacion": "Maria Jose Avezada, Amiga adoptiva", "departamento": "Tolima", "direccion": "B1 el carmen", "nombre": "Lady Camila", "telefono": 3214821993, "email": "", "cedula": 1110545075}, "model": "animalitos.adoptante", "pk": 12}, {"fields": {"apellido": "Lozano", "cuidad": "Espinal", "informacion": "3102345900\r\n3137670616\r\n.__.", "departamento": "Tolima", "direccion": "Cra 8 N 13-65", "nombre": "Esperanza", "telefono": 3202584673, "email": "", "cedula": 65496635}, "model": "animalitos.adoptante", "pk": 13}, {"fields": {"apellido": "Suarez Salazar", "cuidad": "", "informacion": "", "departamento": "", "direccion": "La chamba .__.", "nombre": "Bertha Yineth", "telefono": 3202707550, "email": "", "cedula": 65555593}, "model": "animalitos.adoptante", "pk": 14}, {"fields": {"apellido": "Nunez", "cuidad": "Espinal", "informacion": "", "departamento": "Tolima", "direccion": "Cra 9 N 5 06 San Rafael", "nombre": "Fabricio Alejando", "telefono": 3134238924, "email": "", "cedula": 0}, "model": "animalitos.adoptante", "pk": 15}, {"fields": {"apellido": "Guzman", "cuidad": "Girardot", "informacion": "", "departamento": "Tolima", "direccion": "", "nombre": "Irma", "telefono": 3133005611, "email": "", "cedula": null}, "model": "animalitos.adoptante", "pk": 16}, {"fields": {"apellido": "Moreno", "cuidad": "Espinal", "informacion": "", "departamento": "Tolima", "direccion": "Mz J Casa 3 Sector 2(II) La magdalena ", "nombre": "Daniela", "telefono": 3213960914, "email": "danielita.labonita@hotmail.com", "cedula": 98021261190}, "model": "animalitos.adoptante", "pk": 17}, {"fields": {"apellido": "Nunez Guzman", "cuidad": "Espinal", "informacion": "2391179\r\nlulu_29nov@hotmail.com\r\nlulu.29nov@hotmail.com\r\nUno de esos es su correo", "departamento": "Tolima", "direccion": "cra 9 N 5 06 San rafael", "nombre": "Laura Ximena", "telefono": 3008532765, "email": "lulu_29nov@hotmail.com", "cedula": null}, "model": "animalitos.adoptante", "pk": 18}, {"fields": {"apellido": "Galindo Moreno", "cuidad": "Espinal", "informacion": "", "departamento": "Tolima", "direccion": "cra 10 N 18 30", "nombre": "Kelly Giovanna", "telefono": 3158995709, "email": "kellygalindo12@hotmail.com", "cedula": 0}, "model": "animalitos.adoptante", "pk": 19}, {"fields": {"apellido": "Avila", "cuidad": "", "informacion": "", "departamento": "Tolima", "direccion": "Mz G casa 6 Divino nino", "nombre": "Marra Mabel", "telefono": 3132277477, "email": "", "cedula": 0}, "model": "animalitos.adoptante", "pk": 20}, {"fields": {"apellido": "Sanchez", "cuidad": "Espinal", "informacion": "", "departamento": "Tolima", "direccion": "Mz j k 32 La esperanza", "nombre": "Monica Paipa", "telefono": 3125089520, "email": "", "cedula": 0}, "model": "animalitos.adoptante", "pk": 21}, {"fields": {"apellido": "Suarez Cardozo", "cuidad": "Espinal", "informacion": "", "departamento": "Tolima", "direccion": "Cra 9 N 9 27", "nombre": "Edward Andres", "telefono": 3183183838, "email": "fox.182@hotmail.com", "cedula": 0}, "model": "animalitos.adoptante", "pk": 22}, {"fields": {"apellido": "Garcia", "cuidad": "Espinal", "informacion": "", "departamento": "Tolima", "direccion": "Cra 13 N 13 30 Caballero y Gongora", "nombre": "Carlos Julio", "telefono": 3144229302, "email": "", "cedula": 0}, "model": "animalitos.adoptante", "pk": 23}, {"fields": {"apellido": "Gutierrez", "cuidad": "Guamo", "informacion": "Si llama Preguntar por Carlos Julio", "departamento": "Tolima", "direccion": "", "nombre": "Jeremias", "telefono": 3144229302, "email": "", "cedula": 0}, "model": "animalitos.adoptante", "pk": 24}, {"fields": {"apellido": "Herran", "cuidad": "Espinal", "informacion": "", "departamento": "Tolima", "direccion": "Mz 2 C 9 Cascada", "nombre": "Leonardo Andres", "telefono": 3112135598, "email": "", "cedula": 0}, "model": "animalitos.adoptante", "pk": 25}, {"fields": {"apellido": "Uriza", "cuidad": "Espinal", "informacion": "", "departamento": "Tolima", "direccion": "**Kelly** Municio Suarez Finca Duarte", "nombre": "Carmen", "telefono": 3102681818, "email": "", "cedula": 0}, "model": "animalitos.adoptante", "pk": 26}, {"fields": {"apellido": "Arias", "cuidad": "Espinal", "informacion": "3203793862", "departamento": "Tolima", "direccion": "Cra 8 N 8 55 San rafael", "nombre": "Luis Bernardo", "telefono": 3144154255, "email": "lujol_95@hotmail.com", "cedula": 0}, "model": "animalitos.adoptante", "pk": 27}, {"fields": {"apellido": "Salcedo", "cuidad": "Espinal", "informacion": "", "departamento": "Tolima", "direccion": "Mz P Casa 38 Guayacan", "nombre": "Nubia Estela", "telefono": 3108762901, "email": "", "cedula": 0}, "model": "animalitos.adoptante", "pk": 28}, {"fields": {"apellido": "****** Murillo", "cuidad": "Espinal", "informacion": "No se entienden datos de la hoja", "departamento": "Tolima", "direccion": "Mz E Casa 7  Vergel 2(II) Balcanes", "nombre": "Alba ******", "telefono": 3134949610, "email": "", "cedula": 0}, "model": "animalitos.adoptante", "pk": 29}, {"fields": {"apellido": "Martinez", "cuidad": "Espinal", "informacion": "revisar el correo\r\ny la direccion parece Mz B m 3 no estoy seguro... verificar tambien..\r\nnumero alternativo: 3133655641", "departamento": "Tolima", "direccion": "Mz B c5 3 Los Almendry", "nombre": "Leidy", "telefono": 31838533086, "email": "lemarle22@hotmail.com", "cedula": 0}, "model": "animalitos.adoptante", "pk": 30}, {"fields": {"edad": "2 meses", "color": "Amarillo", "salud": "Excelente", "informacion": "", "sexo": "Hembra", "tipo_de_animal": "Gato", "es_esterilizado": "No", "raza": "Criollo", "nombre": "Cachetes"}, "model": "animalitos.animal", "pk": 14}, {"fields": {"edad": "2 meses", "color": "gris", "salud": "Excelente", "informacion": "", "sexo": "Macho", "tipo_de_animal": "Gato", "es_esterilizado": "No", "raza": "Criollo", "nombre": "smoky"}, "model": "animalitos.animal", "pk": 15}, {"fields": {"edad": "1 mes", "color": "Dorado", "salud": "Excelente", "informacion": "", "sexo": "Hembra", "tipo_de_animal": "Perro", "es_esterilizado": "No", "raza": "labrador", "nombre": "Princesa"}, "model": "animalitos.animal", "pk": 16}, {"fields": {"edad": "3 meses", "color": "Cafe", "salud": "Excelente", "informacion": "", "sexo": "Hembra", "tipo_de_animal": "Perro", "es_esterilizado": "No", "raza": "Criolla", "nombre": "chocolate"}, "model": "animalitos.animal", "pk": 17}, {"fields": {"edad": "4 meses", "color": "Gris", "salud": "Excelente", "informacion": "", "sexo": "Macho", "tipo_de_animal": "Gato", "es_esterilizado": "No", "raza": "Criollo", "nombre": "Sol"}, "model": "animalitos.animal", "pk": 18}, {"fields": {"edad": "2 meses", "color": "Blanco", "salud": "Excelente", "informacion": "", "sexo": "Hembra", "tipo_de_animal": "Gato", "es_esterilizado": "No", "raza": "Criollo", "nombre": "Luna"}, "model": "animalitos.animal", "pk": 19}, {"fields": {"edad": "1/2 mes", "color": "Blanco/Beige", "salud": "Excelente", "informacion": "", "sexo": "Hembra", "tipo_de_animal": "Gato", "es_esterilizado": "No", "raza": "Criolla", "nombre": "Pachita"}, "model": "animalitos.animal", "pk": 20}, {"fields": {"edad": "3 meses", "color": "Cafe / Blanco", "salud": "Excelente", "informacion": "", "sexo": "Hembra", "tipo_de_animal": "Perro", "es_esterilizado": "No", "raza": "Criollo", "nombre": "mia soto valencia"}, "model": "animalitos.animal", "pk": 21}, {"fields": {"edad": "2 meses", "color": "Blanca Pecas", "salud": "Excelente", "informacion": "", "sexo": "Hembra", "tipo_de_animal": "Gato", "es_esterilizado": "No", "raza": "Criollo", "nombre": "luna"}, "model": "animalitos.animal", "pk": 22}, {"fields": {"edad": "1 ano", "color": "Amarillo", "salud": "Excelente", "informacion": "", "sexo": "Macho", "tipo_de_animal": "Gato", "es_esterilizado": "No", "raza": "", "nombre": "mono"}, "model": "animalitos.animal", "pk": 23}, {"fields": {"edad": "0", "color": "Negro", "salud": "Excelente", "informacion": "", "sexo": "Macho", "tipo_de_animal": "Perro", "es_esterilizado": "No", "raza": "Criollo", "nombre": "tobi"}, "model": "animalitos.animal", "pk": 24}, {"fields": {"edad": "3 ?", "color": "", "salud": "Excelente", "informacion": "", "sexo": "Hembra", "tipo_de_animal": "Gato", "es_esterilizado": "No", "raza": "", "nombre": "Mery"}, "model": "animalitos.animal", "pk": 25}, {"fields": {"edad": "6 meses", "color": "", "salud": "Excelente", "informacion": "", "sexo": "Macho", "tipo_de_animal": "Gato", "es_esterilizado": "No", "raza": "Criollo", "nombre": "Dulce"}, "model": "animalitos.animal", "pk": 26}, {"fields": {"edad": "2+(1/2) meses", "color": "Blanco", "salud": "Excelente", "informacion": "", "sexo": "Macho", "tipo_de_animal": "Gato", "es_esterilizado": "No", "raza": "Criollo", "nombre": "jeronymo moreno"}, "model": "animalitos.animal", "pk": 27}, {"fields": {"edad": "0", "color": "", "salud": "Excelente", "informacion": "", "sexo": "Hembra", "tipo_de_animal": "Gato", "es_esterilizado": "No", "raza": "", "nombre": "Juana"}, "model": "animalitos.animal", "pk": 28}, {"fields": {"edad": "2 meses", "color": "Gris", "salud": "Excelente", "informacion": "", "sexo": "Hembra", "tipo_de_animal": "Gato", "es_esterilizado": "No", "raza": "Criollo", "nombre": "Callia"}, "model": "animalitos.animal", "pk": 29}, {"fields": {"edad": "2 meses", "color": "", "salud": "Excelente", "informacion": "", "sexo": "Hembra", "tipo_de_animal": "Desconocido", "es_esterilizado": "No", "raza": "Criollo", "nombre": "Blanca y negro"}, "model": "animalitos.animal", "pk": 30}, {"fields": {"edad": "20 dias", "color": "", "salud": "Excelente", "informacion": "", "sexo": "Hembra", "tipo_de_animal": "Desconocido", "es_esterilizado": "No", "raza": "Criollo", "nombre": "Sacha"}, "model": "animalitos.animal", "pk": 31}, {"fields": {"edad": "??", "color": "??", "salud": "Excelente", "informacion": "No hay casi nada en el papel\r\nPor cierto, hay dos papeles cn el mismo contenido...y misma fecha...", "sexo": "Macho", "tipo_de_animal": "Desconocido", "es_esterilizado": "No", "raza": "??", "nombre": "?? "}, "model": "animalitos.animal", "pk": 32}, {"fields": {"edad": "1 mes", "color": "Gris", "salud": "Excelente", "informacion": "", "sexo": "Macho", "tipo_de_animal": "Desconocido", "es_esterilizado": "No", "raza": "Criollo", "nombre": "Kitty Gris"}, "model": "animalitos.animal", "pk": 33}, {"fields": {"edad": "0", "color": "Trigreslo", "salud": "Excelente", "informacion": "", "sexo": "Macho", "tipo_de_animal": "Desconocido", "es_esterilizado": "No", "raza": "Criollo", "nombre": "Rayito"}, "model": "animalitos.animal", "pk": 34}, {"fields": {"edad": "2 meses", "color": "Negro", "salud": "Excelente", "informacion": "", "sexo": "Hembra", "tipo_de_animal": "Desconocido", "es_esterilizado": "No", "raza": "Criollo", "nombre": "sacha"}, "model": "animalitos.animal", "pk": 35}, {"fields": {"edad": "3 meses", "color": "Negro", "salud": "Excelente", "informacion": "", "sexo": "Hembra", "tipo_de_animal": "Desconocido", "es_esterilizado": "No", "raza": "Mestizo", "nombre": "Coral"}, "model": "animalitos.animal", "pk": 36}, {"fields": {"edad": "2 meses", "color": "Blanco/Negro", "salud": "Excelente", "informacion": "", "sexo": "Hembra", "tipo_de_animal": "Desconocido", "es_esterilizado": "No", "raza": "Criolla", "nombre": "Nena"}, "model": "animalitos.animal", "pk": 37}, {"fields": {"edad": "2 anos", "color": "Blanco/Cafe/Negro", "salud": "Excelente", "informacion": "", "sexo": "Hembra", "tipo_de_animal": "Perro", "es_esterilizado": "No", "raza": "Beagle", "nombre": "Nina"}, "model": "animalitos.animal", "pk": 38}, {"fields": {"edad": "0", "color": "Amarillo", "salud": "Excelente", "informacion": "", "sexo": "Macho", "tipo_de_animal": "Desconocido", "es_esterilizado": "No", "raza": "chiquita", "nombre": "?? (sex??)"}, "model": "animalitos.animal", "pk": 39}, {"fields": {"edad": "1 mes", "color": "chocolate", "salud": "Excelente", "informacion": "", "sexo": "Macho", "tipo_de_animal": "Perro", "es_esterilizado": "No", "raza": "Criollo labrador", "nombre": "chocolate"}, "model": "animalitos.animal", "pk": 40}, {"fields": {"voluntario": "", "fecha": "2015-08-28", "estado_adopcion": "Perfecto", "Adoptante_idAdoptante": 5, "Animal_idAnimal": 14}, "model": "animalitos.adoptar", "pk": 17}, {"fields": {"voluntario": "", "fecha": "2015-08-24", "estado_adopcion": "Perfecto", "Adoptante_idAdoptante": 6, "Animal_idAnimal": 15}, "model": "animalitos.adoptar", "pk": 18}, {"fields": {"voluntario": "", "fecha": "2015-08-15", "estado_adopcion": "Perfecto", "Adoptante_idAdoptante": 7, "Animal_idAnimal": 16}, "model": "animalitos.adoptar", "pk": 19}, {"fields": {"voluntario": "Kelly Blacker", "fecha": "2015-08-09", "estado_adopcion": "Perfecto", "Adoptante_idAdoptante": 8, "Animal_idAnimal": 17}, "model": "animalitos.adoptar", "pk": 20}, {"fields": {"voluntario": "", "fecha": "2015-08-06", "estado_adopcion": "Perfecto", "Adoptante_idAdoptante": 9, "Animal_idAnimal": 18}, "model": "animalitos.adoptar", "pk": 21}, {"fields": {"voluntario": "", "fecha": "2015-08-06", "estado_adopcion": "Perfecto", "Adoptante_idAdoptante": 9, "Animal_idAnimal": 19}, "model": "animalitos.adoptar", "pk": 25}, {"fields": {"voluntario": "Kelly Blacker", "fecha": "2015-07-27", "estado_adopcion": "Perfecto", "Adoptante_idAdoptante": 10, "Animal_idAnimal": 20}, "model": "animalitos.adoptar", "pk": 26}, {"fields": {"voluntario": "", "fecha": "2015-07-25", "estado_adopcion": "Perfecto", "Adoptante_idAdoptante": 11, "Animal_idAnimal": 21}, "model": "animalitos.adoptar", "pk": 27}, {"fields": {"voluntario": "Kelly Blacker", "fecha": "2015-08-07", "estado_adopcion": "Perfecto", "Adoptante_idAdoptante": 12, "Animal_idAnimal": 22}, "model": "animalitos.adoptar", "pk": 28}, {"fields": {"voluntario": "", "fecha": "2015-07-07", "estado_adopcion": "Perfecto", "Adoptante_idAdoptante": 13, "Animal_idAnimal": 23}, "model": "animalitos.adoptar", "pk": 29}, {"fields": {"voluntario": "", "fecha": "2015-07-04", "estado_adopcion": "Perfecto", "Adoptante_idAdoptante": 14, "Animal_idAnimal": 24}, "model": "animalitos.adoptar", "pk": 30}, {"fields": {"voluntario": "", "fecha": "2015-06-10", "estado_adopcion": "Perfecto", "Adoptante_idAdoptante": 15, "Animal_idAnimal": 25}, "model": "animalitos.adoptar", "pk": 31}, {"fields": {"voluntario": "", "fecha": "2015-06-02", "estado_adopcion": "Perfecto", "Adoptante_idAdoptante": 16, "Animal_idAnimal": 26}, "model": "animalitos.adoptar", "pk": 32}, {"fields": {"voluntario": "Over Alexis Vazquez", "fecha": "2015-05-20", "estado_adopcion": "Perfecto", "Adoptante_idAdoptante": 17, "Animal_idAnimal": 27}, "model": "animalitos.adoptar", "pk": 33}, {"fields": {"voluntario": "", "fecha": "2015-06-02", "estado_adopcion": "Perfecto", "Adoptante_idAdoptante": 18, "Animal_idAnimal": 28}, "model": "animalitos.adoptar", "pk": 34}, {"fields": {"voluntario": "", "fecha": "2015-09-29", "estado_adopcion": "Perfecto", "Adoptante_idAdoptante": 19, "Animal_idAnimal": 29}, "model": "animalitos.adoptar", "pk": 35}, {"fields": {"voluntario": "", "fecha": "2015-04-22", "estado_adopcion": "Perfecto", "Adoptante_idAdoptante": 20, "Animal_idAnimal": 30}, "model": "animalitos.adoptar", "pk": 36}, {"fields": {"voluntario": "", "fecha": "2015-04-27", "estado_adopcion": "Perfecto", "Adoptante_idAdoptante": 21, "Animal_idAnimal": 31}, "model": "animalitos.adoptar", "pk": 37}, {"fields": {"voluntario": "", "fecha": "2015-04-14", "estado_adopcion": "Perfecto", "Adoptante_idAdoptante": 22, "Animal_idAnimal": 32}, "model": "animalitos.adoptar", "pk": 38}, {"fields": {"voluntario": "??", "fecha": "2015-02-15", "estado_adopcion": "Perfecto", "Adoptante_idAdoptante": 23, "Animal_idAnimal": 33}, "model": "animalitos.adoptar", "pk": 39}, {"fields": {"voluntario": "", "fecha": "2015-02-15", "estado_adopcion": "Perfecto", "Adoptante_idAdoptante": 24, "Animal_idAnimal": 34}, "model": "animalitos.adoptar", "pk": 40}, {"fields": {"voluntario": "", "fecha": "2015-02-04", "estado_adopcion": "Perfecto", "Adoptante_idAdoptante": 25, "Animal_idAnimal": 35}, "model": "animalitos.adoptar", "pk": 41}, {"fields": {"voluntario": "Kelly Blacker", "fecha": "2015-01-30", "estado_adopcion": "Perfecto", "Adoptante_idAdoptante": 26, "Animal_idAnimal": 36}, "model": "animalitos.adoptar", "pk": 42}, {"fields": {"voluntario": "", "fecha": "2015-01-23", "estado_adopcion": "Perfecto", "Adoptante_idAdoptante": 27, "Animal_idAnimal": 37}, "model": "animalitos.adoptar", "pk": 43}, {"fields": {"voluntario": "Kelly Blacker", "fecha": "2015-01-05", "estado_adopcion": "Perfecto", "Adoptante_idAdoptante": 28, "Animal_idAnimal": 38}, "model": "animalitos.adoptar", "pk": 44}, {"fields": {"voluntario": "", "fecha": "2014-12-22", "estado_adopcion": "Perfecto", "Adoptante_idAdoptante": 29, "Animal_idAnimal": 39}, "model": "animalitos.adoptar", "pk": 45}, {"fields": {"voluntario": "", "fecha": "2014-12-18", "estado_adopcion": "Perfecto", "Adoptante_idAdoptante": 30, "Animal_idAnimal": 40}, "model": "animalitos.adoptar", "pk": 46}, {"fields": {"codename": "add_logentry", "name": "Can add log entry", "content_type": 1}, "model": "auth.permission", "pk": 1}, {"fields": {"codename": "change_logentry", "name": "Can change log entry", "content_type": 1}, "model": "auth.permission", "pk": 2}, {"fields": {"codename": "delete_logentry", "name": "Can delete log entry", "content_type": 1}, "model": "auth.permission", "pk": 3}, {"fields": {"codename": "add_permission", "name": "Can add permission", "content_type": 2}, "model": "auth.permission", "pk": 4}, {"fields": {"codename": "change_permission", "name": "Can change permission", "content_type": 2}, "model": "auth.permission", "pk": 5}, {"fields": {"codename": "delete_permission", "name": "Can delete permission", "content_type": 2}, "model": "auth.permission", "pk": 6}, {"fields": {"codename": "add_group", "name": "Can add group", "content_type": 3}, "model": "auth.permission", "pk": 7}, {"fields": {"codename": "change_group", "name": "Can change group", "content_type": 3}, "model": "auth.permission", "pk": 8}, {"fields": {"codename": "delete_group", "name": "Can delete group", "content_type": 3}, "model": "auth.permission", "pk": 9}, {"fields": {"codename": "add_user", "name": "Can add user", "content_type": 4}, "model": "auth.permission", "pk": 10}, {"fields": {"codename": "change_user", "name": "Can change user", "content_type": 4}, "model": "auth.permission", "pk": 11}, {"fields": {"codename": "delete_user", "name": "Can delete user", "content_type": 4}, "model": "auth.permission", "pk": 12}, {"fields": {"codename": "add_contenttype", "name": "Can add content type", "content_type": 5}, "model": "auth.permission", "pk": 13}, {"fields": {"codename": "change_contenttype", "name": "Can change content type", "content_type": 5}, "model": "auth.permission", "pk": 14}, {"fields": {"codename": "delete_contenttype", "name": "Can delete content type", "content_type": 5}, "model": "auth.permission", "pk": 15}, {"fields": {"codename": "add_session", "name": "Can add session", "content_type": 6}, "model": "auth.permission", "pk": 16}, {"fields": {"codename": "change_session", "name": "Can change session", "content_type": 6}, "model": "auth.permission", "pk": 17}, {"fields": {"codename": "delete_session", "name": "Can delete session", "content_type": 6}, "model": "auth.permission", "pk": 18}, {"fields": {"codename": "add_adoptante", "name": "Can add adoptante", "content_type": 7}, "model": "auth.permission", "pk": 19}, {"fields": {"codename": "change_adoptante", "name": "Can change adoptante", "content_type": 7}, "model": "auth.permission", "pk": 20}, {"fields": {"codename": "delete_adoptante", "name": "Can delete adoptante", "content_type": 7}, "model": "auth.permission", "pk": 21}, {"fields": {"codename": "add_animal", "name": "Can add animal", "content_type": 8}, "model": "auth.permission", "pk": 22}, {"fields": {"codename": "change_animal", "name": "Can change animal", "content_type": 8}, "model": "auth.permission", "pk": 23}, {"fields": {"codename": "delete_animal", "name": "Can delete animal", "content_type": 8}, "model": "auth.permission", "pk": 24}, {"fields": {"codename": "add_adoptar", "name": "Can add adoptar", "content_type": 9}, "model": "auth.permission", "pk": 25}, {"fields": {"codename": "change_adoptar", "name": "Can change adoptar", "content_type": 9}, "model": "auth.permission", "pk": 26}, {"fields": {"codename": "delete_adoptar", "name": "Can delete adoptar", "content_type": 9}, "model": "auth.permission", "pk": 27}, {"fields": {"username": "root", "first_name": "", "last_name": "", "is_active": true, "is_superuser": true, "is_staff": true, "last_login": "2015-09-11T15:50:25.583Z", "groups": [], "user_permissions": [], "password": "pbkdf2_sha256$20000$MBvfOU3FVjbD$xGEk0dpb9xvbeBOEW4IKzaB2Hny91x8K3fAeweyzWZs=", "email": "root@root.ro", "date_joined": "2015-09-10T17:15:24.607Z"}, "model": "auth.user", "pk": 1}, {"fields": {"action_flag": 1, "action_time": "2015-09-10T17:23:08.261Z", "object_repr": "Perritogato", "object_id": "1", "change_message": "", "user": 1, "content_type": 8}, "model": "admin.logentry", "pk": 1}, {"fields": {"action_flag": 1, "action_time": "2015-09-10T17:26:17.554Z", "object_repr": "juan ponte", "object_id": "1", "change_message": "", "user": 1, "content_type": 7}, "model": "admin.logentry", "pk": 2}, {"fields": {"action_flag": 2, "action_time": "2015-09-10T17:26:35.394Z", "object_repr": "Perritogato", "object_id": "1", "change_message": "Added adoptar \"Adoptar object\".", "user": 1, "content_type": 8}, "model": "admin.logentry", "pk": 3}, {"fields": {"action_flag": 1, "action_time": "2015-09-10T17:26:57.452Z", "object_repr": "Nimal", "object_id": "2", "change_message": "", "user": 1, "content_type": 8}, "model": "admin.logentry", "pk": 4}, {"fields": {"action_flag": 1, "action_time": "2015-09-10T17:27:14.401Z", "object_repr": "cuccho", "object_id": "3", "change_message": "", "user": 1, "content_type": 8}, "model": "admin.logentry", "pk": 5}, {"fields": {"action_flag": 1, "action_time": "2015-09-10T17:27:35.398Z", "object_repr": "Nastesta", "object_id": "4", "change_message": "", "user": 1, "content_type": 8}, "model": "admin.logentry", "pk": 6}, {"fields": {"action_flag": 2, "action_time": "2015-09-10T17:28:49.752Z", "object_repr": "cuccho", "object_id": "3", "change_message": "Added adoptar \"Adoptar object\".", "user": 1, "content_type": 8}, "model": "admin.logentry", "pk": 7}, {"fields": {"action_flag": 2, "action_time": "2015-09-10T17:29:18.571Z", "object_repr": "Nastesta", "object_id": "4", "change_message": "Added adoptar \"Adoptar object\".", "user": 1, "content_type": 8}, "model": "admin.logentry", "pk": 8}, {"fields": {"action_flag": 2, "action_time": "2015-09-10T17:29:43.643Z", "object_repr": "Nimal", "object_id": "2", "change_message": "Added adoptar \"Adoptar object\".", "user": 1, "content_type": 8}, "model": "admin.logentry", "pk": 9}, {"fields": {"action_flag": 2, "action_time": "2015-09-11T03:08:20.851Z", "object_repr": "Pe\u00f1\u00f1togat\u00f1", "object_id": "1", "change_message": "No fields changed.", "user": 1, "content_type": 8}, "model": "admin.logentry", "pk": 10}, {"fields": {"action_flag": 1, "action_time": "2015-09-11T03:08:38.916Z", "object_repr": "\u00f1elo\u00f1\u00f1", "object_id": "5", "change_message": "", "user": 1, "content_type": 8}, "model": "admin.logentry", "pk": 11}, {"fields": {"action_flag": 1, "action_time": "2015-09-11T03:09:21.100Z", "object_repr": "\u00f1elo\u00f1\u00f1", "object_id": "6", "change_message": "", "user": 1, "content_type": 8}, "model": "admin.logentry", "pk": 12}, {"fields": {"action_flag": 1, "action_time": "2015-09-11T03:12:00.369Z", "object_repr": "\u00f1\u00f1 Pelo", "object_id": "2", "change_message": "", "user": 1, "content_type": 7}, "model": "admin.logentry", "pk": 13}, {"fields": {"action_flag": 2, "action_time": "2015-09-11T03:12:04.022Z", "object_repr": "\u00f1elo\u00f1\u00f1", "object_id": "6", "change_message": "Changed Adoptante_idAdoptante for adoptar \"Adoptar object\".", "user": 1, "content_type": 8}, "model": "admin.logentry", "pk": 14}, {"fields": {"action_flag": 3, "action_time": "2015-09-11T14:59:40.673Z", "object_repr": "\u00f1elo\u00f1\u00f1", "object_id": "5", "change_message": "", "user": 1, "content_type": 8}, "model": "admin.logentry", "pk": 15}, {"fields": {"action_flag": 3, "action_time": "2015-09-11T14:59:40.809Z", "object_repr": "Nastesta", "object_id": "4", "change_message": "", "user": 1, "content_type": 8}, "model": "admin.logentry", "pk": 16}, {"fields": {"action_flag": 3, "action_time": "2015-09-11T14:59:40.934Z", "object_repr": "cuccho", "object_id": "3", "change_message": "", "user": 1, "content_type": 8}, "model": "admin.logentry", "pk": 17}, {"fields": {"action_flag": 3, "action_time": "2015-09-11T14:59:41.059Z", "object_repr": "Nimal", "object_id": "2", "change_message": "", "user": 1, "content_type": 8}, "model": "admin.logentry", "pk": 18}, {"fields": {"action_flag": 3, "action_time": "2015-09-11T14:59:41.185Z", "object_repr": "Pe\u00f1\u00f1togat\u00f1", "object_id": "1", "change_message": "", "user": 1, "content_type": 8}, "model": "admin.logentry", "pk": 19}, {"fields": {"action_flag": 3, "action_time": "2015-09-11T14:59:41.318Z", "object_repr": "\u00f1elo\u00f1\u00f1", "object_id": "6", "change_message": "", "user": 1, "content_type": 8}, "model": "admin.logentry", "pk": 20}, {"fields": {"action_flag": 1, "action_time": "2015-09-11T15:05:31.421Z", "object_repr": "wdwa", "object_id": "7", "change_message": "", "user": 1, "content_type": 8}, "model": "admin.logentry", "pk": 21}, {"fields": {"action_flag": 2, "action_time": "2015-09-11T15:05:55.343Z", "object_repr": "wdwa", "object_id": "7", "change_message": "No fields changed.", "user": 1, "content_type": 8}, "model": "admin.logentry", "pk": 22}, {"fields": {"action_flag": 2, "action_time": "2015-09-11T15:12:19.123Z", "object_repr": "wdwa", "object_id": "7", "change_message": "Changed salud.", "user": 1, "content_type": 8}, "model": "admin.logentry", "pk": 23}, {"fields": {"action_flag": 2, "action_time": "2015-09-11T15:12:32.325Z", "object_repr": "wdwa", "object_id": "7", "change_message": "No fields changed.", "user": 1, "content_type": 8}, "model": "admin.logentry", "pk": 24}, {"fields": {"action_flag": 2, "action_time": "2015-09-11T15:14:30.088Z", "object_repr": "wdwa", "object_id": "7", "change_message": "Changed salud.", "user": 1, "content_type": 8}, "model": "admin.logentry", "pk": 25}, {"fields": {"action_flag": 2, "action_time": "2015-09-11T15:15:32.567Z", "object_repr": "wdwa", "object_id": "7", "change_message": "Changed salud.", "user": 1, "content_type": 8}, "model": "admin.logentry", "pk": 26}, {"fields": {"action_flag": 2, "action_time": "2015-09-11T15:15:37.244Z", "object_repr": "wdwa", "object_id": "7", "change_message": "Changed salud.", "user": 1, "content_type": 8}, "model": "admin.logentry", "pk": 27}, {"fields": {"action_flag": 2, "action_time": "2015-09-11T15:16:28.678Z", "object_repr": "wdwa", "object_id": "7", "change_message": "Changed salud.", "user": 1, "content_type": 8}, "model": "admin.logentry", "pk": 28}, {"fields": {"action_flag": 2, "action_time": "2015-09-11T15:21:35.831Z", "object_repr": "wdwa", "object_id": "7", "change_message": "Changed es_esterilizado.", "user": 1, "content_type": 8}, "model": "admin.logentry", "pk": 29}, {"fields": {"action_flag": 2, "action_time": "2015-09-11T15:22:24.945Z", "object_repr": "wdwa", "object_id": "7", "change_message": "Added adoptar \"Adoptar object\".", "user": 1, "content_type": 8}, "model": "admin.logentry", "pk": 30}, {"fields": {"action_flag": 2, "action_time": "2015-09-11T15:23:38.443Z", "object_repr": "wdwa", "object_id": "7", "change_message": "Added adoptar \"Adoptar object\".", "user": 1, "content_type": 8}, "model": "admin.logentry", "pk": 31}, {"fields": {"action_flag": 2, "action_time": "2015-09-11T16:12:05.301Z", "object_repr": "wdwa", "object_id": "7", "change_message": "Deleted adoptar \"Adoptar object\".", "user": 1, "content_type": 8}, "model": "admin.logentry", "pk": 32}, {"fields": {"action_flag": 2, "action_time": "2015-09-11T16:18:57.055Z", "object_repr": "wdwa", "object_id": "7", "change_message": "Added adoptar \"Adoptar object\".", "user": 1, "content_type": 8}, "model": "admin.logentry", "pk": 33}, {"fields": {"action_flag": 2, "action_time": "2015-09-11T16:28:09.272Z", "object_repr": "wdwa", "object_id": "7", "change_message": "Deleted adoptar \"Adoptar object\".", "user": 1, "content_type": 8}, "model": "admin.logentry", "pk": 34}, {"fields": {"action_flag": 2, "action_time": "2015-09-11T16:28:19.305Z", "object_repr": "wdwa", "object_id": "7", "change_message": "Added adoptar \"Adoptar object\".", "user": 1, "content_type": 8}, "model": "admin.logentry", "pk": 35}, {"fields": {"action_flag": 2, "action_time": "2015-09-11T16:29:35.610Z", "object_repr": "wdwa", "object_id": "7", "change_message": "Deleted adoptar \"Adoptar object\".", "user": 1, "content_type": 8}, "model": "admin.logentry", "pk": 36}, {"fields": {"action_flag": 2, "action_time": "2015-09-11T16:29:50.307Z", "object_repr": "wdwa", "object_id": "7", "change_message": "Added adoptar \"Adoptar object\".", "user": 1, "content_type": 8}, "model": "admin.logentry", "pk": 37}, {"fields": {"action_flag": 2, "action_time": "2015-09-11T16:31:20.269Z", "object_repr": "wdwa", "object_id": "7", "change_message": "Deleted adoptar \"Adoptar object\".", "user": 1, "content_type": 8}, "model": "admin.logentry", "pk": 38}, {"fields": {"action_flag": 2, "action_time": "2015-09-11T16:31:28.058Z", "object_repr": "wdwa", "object_id": "7", "change_message": "Added adoptar \"Adoptar object\".", "user": 1, "content_type": 8}, "model": "admin.logentry", "pk": 39}, {"fields": {"action_flag": 3, "action_time": "2015-09-11T16:36:02.745Z", "object_repr": "wdwa", "object_id": "7", "change_message": "", "user": 1, "content_type": 8}, "model": "admin.logentry", "pk": 40}, {"fields": {"action_flag": 3, "action_time": "2015-09-11T16:36:02.863Z", "object_repr": "wdwa", "object_id": "7", "change_message": "", "user": 1, "content_type": 8}, "model": "admin.logentry", "pk": 41}, {"fields": {"action_flag": 1, "action_time": "2015-09-11T16:36:16.827Z", "object_repr": "lol", "object_id": "8", "change_message": "", "user": 1, "content_type": 8}, "model": "admin.logentry", "pk": 42}, {"fields": {"action_flag": 1, "action_time": "2015-09-11T16:36:30.529Z", "object_repr": "lol", "object_id": "9", "change_message": "", "user": 1, "content_type": 8}, "model": "admin.logentry", "pk": 43}, {"fields": {"action_flag": 1, "action_time": "2015-09-11T16:36:42.000Z", "object_repr": "lol", "object_id": "10", "change_message": "", "user": 1, "content_type": 8}, "model": "admin.logentry", "pk": 44}, {"fields": {"action_flag": 1, "action_time": "2015-09-11T16:37:09.966Z", "object_repr": "lol", "object_id": "11", "change_message": "", "user": 1, "content_type": 8}, "model": "admin.logentry", "pk": 45}, {"fields": {"action_flag": 1, "action_time": "2015-09-11T16:37:23.770Z", "object_repr": "lol", "object_id": "12", "change_message": "", "user": 1, "content_type": 8}, "model": "admin.logentry", "pk": 46}, {"fields": {"action_flag": 1, "action_time": "2015-09-11T16:37:44.931Z", "object_repr": "lol", "object_id": "13", "change_message": "", "user": 1, "content_type": 8}, "model": "admin.logentry", "pk": 47}, {"fields": {"action_flag": 3, "action_time": "2015-09-11T16:38:23.160Z", "object_repr": "lol", "object_id": "12", "change_message": "", "user": 1, "content_type": 8}, "model": "admin.logentry", "pk": 48}, {"fields": {"action_flag": 3, "action_time": "2015-09-11T16:38:23.286Z", "object_repr": "lol", "object_id": "11", "change_message": "", "user": 1, "content_type": 8}, "model": "admin.logentry", "pk": 49}, {"fields": {"action_flag": 3, "action_time": "2015-09-11T16:38:23.445Z", "object_repr": "lol", "object_id": "10", "change_message": "", "user": 1, "content_type": 8}, "model": "admin.logentry", "pk": 50}, {"fields": {"action_flag": 3, "action_time": "2015-09-11T16:38:23.578Z", "object_repr": "lol", "object_id": "9", "change_message": "", "user": 1, "content_type": 8}, "model": "admin.logentry", "pk": 51}, {"fields": {"action_flag": 3, "action_time": "2015-09-11T16:38:23.695Z", "object_repr": "lol", "object_id": "8", "change_message": "", "user": 1, "content_type": 8}, "model": "admin.logentry", "pk": 52}, {"fields": {"action_flag": 2, "action_time": "2015-09-11T16:38:28.904Z", "object_repr": "lol", "object_id": "13", "change_message": "No fields changed.", "user": 1, "content_type": 8}, "model": "admin.logentry", "pk": 53}, {"fields": {"action_flag": 2, "action_time": "2015-09-11T16:38:39.156Z", "object_repr": "lol", "object_id": "13", "change_message": "Added adoptar \"Adoptar object\".", "user": 1, "content_type": 8}, "model": "admin.logentry", "pk": 54}, {"fields": {"action_flag": 3, "action_time": "2015-09-11T16:38:51.085Z", "object_repr": "\u00f1\u00f1 Pelo", "object_id": "2", "change_message": "", "user": 1, "content_type": 7}, "model": "admin.logentry", "pk": 55}, {"fields": {"action_flag": 1, "action_time": "2015-09-11T16:39:31.783Z", "object_repr": "awd awdwa", "object_id": "3", "change_message": "", "user": 1, "content_type": 7}, "model": "admin.logentry", "pk": 56}, {"fields": {"action_flag": 1, "action_time": "2015-09-11T16:42:42.487Z", "object_repr": "t ttt", "object_id": "4", "change_message": "", "user": 1, "content_type": 7}, "model": "admin.logentry", "pk": 57}, {"fields": {"action_flag": 2, "action_time": "2015-09-11T16:42:46.839Z", "object_repr": "lol", "object_id": "13", "change_message": "Added adoptar \"Adoptar object\".", "user": 1, "content_type": 8}, "model": "admin.logentry", "pk": 58}, {"fields": {"action_flag": 2, "action_time": "2015-09-11T16:43:21.631Z", "object_repr": "lol", "object_id": "13", "change_message": "Deleted adoptar \"Adoptar object\".", "user": 1, "content_type": 8}, "model": "admin.logentry", "pk": 59}, {"fields": {"action_flag": 2, "action_time": "2015-09-11T16:48:34.865Z", "object_repr": "lol", "object_id": "13", "change_message": "No fields changed.", "user": 1, "content_type": 8}, "model": "admin.logentry", "pk": 60}, {"fields": {"action_flag": 2, "action_time": "2015-09-11T16:54:24.466Z", "object_repr": "lol", "object_id": "13", "change_message": "No fields changed.", "user": 1, "content_type": 8}, "model": "admin.logentry", "pk": 61}, {"fields": {"action_flag": 2, "action_time": "2015-09-11T16:54:29.290Z", "object_repr": "lol", "object_id": "13", "change_message": "No fields changed.", "user": 1, "content_type": 8}, "model": "admin.logentry", "pk": 62}, {"fields": {"action_flag": 2, "action_time": "2015-09-11T16:54:38.862Z", "object_repr": "lol", "object_id": "13", "change_message": "Added adoptar \"Adoptar object\".", "user": 1, "content_type": 8}, "model": "admin.logentry", "pk": 63}, {"fields": {"action_flag": 2, "action_time": "2015-09-11T17:01:17.667Z", "object_repr": "lol", "object_id": "13", "change_message": "Deleted adoptar \"Adoptar object\".", "user": 1, "content_type": 8}, "model": "admin.logentry", "pk": 64}, {"fields": {"action_flag": 2, "action_time": "2015-09-11T17:01:44.101Z", "object_repr": "lol", "object_id": "13", "change_message": "No fields changed.", "user": 1, "content_type": 8}, "model": "admin.logentry", "pk": 65}, {"fields": {"action_flag": 3, "action_time": "2015-09-11T17:33:45.509Z", "object_repr": "lol", "object_id": "13", "change_message": "", "user": 1, "content_type": 8}, "model": "admin.logentry", "pk": 66}, {"fields": {"action_flag": 3, "action_time": "2015-09-11T17:37:10.340Z", "object_repr": "t ttt", "object_id": "4", "change_message": "", "user": 1, "content_type": 7}, "model": "admin.logentry", "pk": 67}, {"fields": {"action_flag": 3, "action_time": "2015-09-11T17:37:10.441Z", "object_repr": "awd awdwa", "object_id": "3", "change_message": "", "user": 1, "content_type": 7}, "model": "admin.logentry", "pk": 68}, {"fields": {"action_flag": 3, "action_time": "2015-09-11T17:37:10.542Z", "object_repr": "juan ponte", "object_id": "1", "change_message": "", "user": 1, "content_type": 7}, "model": "admin.logentry", "pk": 69}, {"fields": {"action_flag": 1, "action_time": "2015-09-11T17:39:32.255Z", "object_repr": "Bellanid Hernandez", "object_id": "5", "change_message": "", "user": 1, "content_type": 7}, "model": "admin.logentry", "pk": 70}, {"fields": {"action_flag": 1, "action_time": "2015-09-11T17:43:48.021Z", "object_repr": "Cachetes", "object_id": "14", "change_message": "", "user": 1, "content_type": 8}, "model": "admin.logentry", "pk": 71}, {"fields": {"action_flag": 1, "action_time": "2015-09-11T17:45:44.871Z", "object_repr": "smoky", "object_id": "15", "change_message": "", "user": 1, "content_type": 8}, "model": "admin.logentry", "pk": 72}, {"fields": {"action_flag": 1, "action_time": "2015-09-11T17:48:18.580Z", "object_repr": "Imelda Aroca", "object_id": "6", "change_message": "", "user": 1, "content_type": 7}, "model": "admin.logentry", "pk": 73}, {"fields": {"action_flag": 2, "action_time": "2015-09-11T17:52:09.437Z", "object_repr": "smoky", "object_id": "15", "change_message": "Added adoptar \"Adoptar object\".", "user": 1, "content_type": 8}, "model": "admin.logentry", "pk": 74}, {"fields": {"action_flag": 1, "action_time": "2015-09-11T17:53:32.309Z", "object_repr": "Princesa", "object_id": "16", "change_message": "", "user": 1, "content_type": 8}, "model": "admin.logentry", "pk": 75}, {"fields": {"action_flag": 1, "action_time": "2015-09-11T17:55:41.930Z", "object_repr": "zulma casilimas", "object_id": "7", "change_message": "", "user": 1, "content_type": 7}, "model": "admin.logentry", "pk": 76}, {"fields": {"action_flag": 2, "action_time": "2015-09-11T17:56:28.745Z", "object_repr": "Princesa", "object_id": "16", "change_message": "Added adoptar \"Adoptar object\".", "user": 1, "content_type": 8}, "model": "admin.logentry", "pk": 77}, {"fields": {"action_flag": 1, "action_time": "2015-09-11T17:57:32.314Z", "object_repr": "chocolate", "object_id": "17", "change_message": "", "user": 1, "content_type": 8}, "model": "admin.logentry", "pk": 78}, {"fields": {"action_flag": 1, "action_time": "2015-09-11T17:59:40.992Z", "object_repr": "Muria Ines Salcedo", "object_id": "8", "change_message": "", "user": 1, "content_type": 7}, "model": "admin.logentry", "pk": 79}, {"fields": {"action_flag": 2, "action_time": "2015-09-11T18:00:28.009Z", "object_repr": "chocolate", "object_id": "17", "change_message": "Added adoptar \"Adoptar object\".", "user": 1, "content_type": 8}, "model": "admin.logentry", "pk": 80}, {"fields": {"action_flag": 1, "action_time": "2015-09-11T18:02:03.085Z", "object_repr": "Sol", "object_id": "18", "change_message": "", "user": 1, "content_type": 8}, "model": "admin.logentry", "pk": 81}, {"fields": {"action_flag": 1, "action_time": "2015-09-11T18:03:52.447Z", "object_repr": "Ofelia Sanchez", "object_id": "9", "change_message": "", "user": 1, "content_type": 7}, "model": "admin.logentry", "pk": 82}, {"fields": {"action_flag": 2, "action_time": "2015-09-11T18:04:08.340Z", "object_repr": "Sol", "object_id": "18", "change_message": "Added adoptar \"Adoptar object\".", "user": 1, "content_type": 8}, "model": "admin.logentry", "pk": 83}, {"fields": {"action_flag": 1, "action_time": "2015-09-11T18:12:56.180Z", "object_repr": "Luna", "object_id": "19", "change_message": "", "user": 1, "content_type": 8}, "model": "admin.logentry", "pk": 84}, {"fields": {"action_flag": 2, "action_time": "2015-09-11T18:13:19.894Z", "object_repr": "Luna", "object_id": "19", "change_message": "No fields changed.", "user": 1, "content_type": 8}, "model": "admin.logentry", "pk": 85}, {"fields": {"action_flag": 2, "action_time": "2015-09-11T18:13:55.717Z", "object_repr": "Luna", "object_id": "19", "change_message": "Deleted adoptar \"Adoptar object\".", "user": 1, "content_type": 8}, "model": "admin.logentry", "pk": 86}, {"fields": {"action_flag": 2, "action_time": "2015-09-11T18:14:02.813Z", "object_repr": "Luna", "object_id": "19", "change_message": "Added adoptar \"Adoptar object\".", "user": 1, "content_type": 8}, "model": "admin.logentry", "pk": 87}, {"fields": {"action_flag": 2, "action_time": "2015-09-11T18:14:51.150Z", "object_repr": "Luna", "object_id": "19", "change_message": "No fields changed.", "user": 1, "content_type": 8}, "model": "admin.logentry", "pk": 88}, {"fields": {"action_flag": 2, "action_time": "2015-09-11T18:14:55.514Z", "object_repr": "Luna", "object_id": "19", "change_message": "Deleted adoptar \"Adoptar object\".", "user": 1, "content_type": 8}, "model": "admin.logentry", "pk": 89}, {"fields": {"action_flag": 2, "action_time": "2015-09-11T18:16:04.619Z", "object_repr": "Luna", "object_id": "19", "change_message": "Added adoptar \"Adoptar object\".", "user": 1, "content_type": 8}, "model": "admin.logentry", "pk": 90}, {"fields": {"action_flag": 2, "action_time": "2015-09-11T18:30:38.188Z", "object_repr": "Luna", "object_id": "19", "change_message": "Deleted adoptar \"Adoptar object\".", "user": 1, "content_type": 8}, "model": "admin.logentry", "pk": 91}, {"fields": {"action_flag": 2, "action_time": "2015-09-11T18:31:02.913Z", "object_repr": "Luna", "object_id": "19", "change_message": "Added adoptar \"Adoptar object\".", "user": 1, "content_type": 8}, "model": "admin.logentry", "pk": 92}, {"fields": {"action_flag": 1, "action_time": "2015-09-11T18:34:06.669Z", "object_repr": "Defanira Vergara Vera", "object_id": "10", "change_message": "", "user": 1, "content_type": 7}, "model": "admin.logentry", "pk": 93}, {"fields": {"action_flag": 1, "action_time": "2015-09-11T18:34:30.205Z", "object_repr": "Pachita", "object_id": "20", "change_message": "", "user": 1, "content_type": 8}, "model": "admin.logentry", "pk": 94}, {"fields": {"action_flag": 1, "action_time": "2015-09-11T18:42:24.771Z", "object_repr": "Liliana Valencia", "object_id": "11", "change_message": "", "user": 1, "content_type": 7}, "model": "admin.logentry", "pk": 95}, {"fields": {"action_flag": 1, "action_time": "2015-09-11T18:47:50.382Z", "object_repr": "mia solo valencia", "object_id": "21", "change_message": "", "user": 1, "content_type": 8}, "model": "admin.logentry", "pk": 96}, {"fields": {"action_flag": 2, "action_time": "2015-09-11T18:47:58.336Z", "object_repr": "mia soto valencia", "object_id": "21", "change_message": "Changed nombre.", "user": 1, "content_type": 8}, "model": "admin.logentry", "pk": 97}, {"fields": {"action_flag": 2, "action_time": "2015-09-11T18:50:35.604Z", "object_repr": "Liliana Valencia", "object_id": "11", "change_message": "Changed direccion.", "user": 1, "content_type": 7}, "model": "admin.logentry", "pk": 98}, {"fields": {"action_flag": 2, "action_time": "2015-09-11T18:50:45.227Z", "object_repr": "Muria Ines Salcedo", "object_id": "8", "change_message": "Changed direccion.", "user": 1, "content_type": 7}, "model": "admin.logentry", "pk": 99}, {"fields": {"action_flag": 1, "action_time": "2015-09-11T18:55:08.210Z", "object_repr": "Lady Camila Gomez", "object_id": "12", "change_message": "", "user": 1, "content_type": 7}, "model": "admin.logentry", "pk": 100}, {"fields": {"action_flag": 1, "action_time": "2015-09-11T18:57:24.979Z", "object_repr": "estrella", "object_id": "22", "change_message": "", "user": 1, "content_type": 8}, "model": "admin.logentry", "pk": 101}, {"fields": {"action_flag": 2, "action_time": "2015-09-11T18:58:03.212Z", "object_repr": "luna", "object_id": "22", "change_message": "Changed nombre.", "user": 1, "content_type": 8}, "model": "admin.logentry", "pk": 102}, {"fields": {"action_flag": 1, "action_time": "2015-09-11T19:03:49.337Z", "object_repr": "Esperanza Lozano", "object_id": "13", "change_message": "", "user": 1, "content_type": 7}, "model": "admin.logentry", "pk": 103}, {"fields": {"action_flag": 2, "action_time": "2015-09-11T19:05:04.109Z", "object_repr": "Esperanza Lozano", "object_id": "13", "change_message": "Changed direccion, cedula, departamento, cuidad and informacion.", "user": 1, "content_type": 7}, "model": "admin.logentry", "pk": 104}, {"fields": {"action_flag": 1, "action_time": "2015-09-11T19:05:26.327Z", "object_repr": "mono", "object_id": "23", "change_message": "", "user": 1, "content_type": 8}, "model": "admin.logentry", "pk": 105}, {"fields": {"action_flag": 1, "action_time": "2015-09-11T19:09:08.514Z", "object_repr": "Bertha Yineth Suarez Salazar", "object_id": "14", "change_message": "", "user": 1, "content_type": 7}, "model": "admin.logentry", "pk": 106}, {"fields": {"action_flag": 1, "action_time": "2015-09-11T19:09:27.671Z", "object_repr": "tobi", "object_id": "24", "change_message": "", "user": 1, "content_type": 8}, "model": "admin.logentry", "pk": 107}, {"fields": {"action_flag": 1, "action_time": "2015-09-11T19:31:15.457Z", "object_repr": "Fabricio Alejando Nunez", "object_id": "15", "change_message": "", "user": 1, "content_type": 7}, "model": "admin.logentry", "pk": 108}, {"fields": {"action_flag": 1, "action_time": "2015-09-11T19:31:40.597Z", "object_repr": "Mery", "object_id": "25", "change_message": "", "user": 1, "content_type": 8}, "model": "admin.logentry", "pk": 109}, {"fields": {"action_flag": 1, "action_time": "2015-09-11T19:34:00.734Z", "object_repr": "Irma Guzman", "object_id": "16", "change_message": "", "user": 1, "content_type": 7}, "model": "admin.logentry", "pk": 110}, {"fields": {"action_flag": 1, "action_time": "2015-09-11T19:34:35.615Z", "object_repr": "Dulce", "object_id": "26", "change_message": "", "user": 1, "content_type": 8}, "model": "admin.logentry", "pk": 111}, {"fields": {"action_flag": 2, "action_time": "2015-09-11T19:35:39.418Z", "object_repr": "Irma Guzman", "object_id": "16", "change_message": "Changed telefono.", "user": 1, "content_type": 7}, "model": "admin.logentry", "pk": 112}, {"fields": {"action_flag": 2, "action_time": "2015-09-11T19:35:41.935Z", "object_repr": "Dulce", "object_id": "26", "change_message": "No fields changed.", "user": 1, "content_type": 8}, "model": "admin.logentry", "pk": 113}, {"fields": {"action_flag": 1, "action_time": "2015-09-11T19:41:13.623Z", "object_repr": "Daniela Moreno", "object_id": "17", "change_message": "", "user": 1, "content_type": 7}, "model": "admin.logentry", "pk": 114}, {"fields": {"action_flag": 1, "action_time": "2015-09-11T19:41:55.506Z", "object_repr": "jeronymo moreno", "object_id": "27", "change_message": "", "user": 1, "content_type": 8}, "model": "admin.logentry", "pk": 115}, {"fields": {"action_flag": 1, "action_time": "2015-09-11T19:44:05.379Z", "object_repr": "Laura Ximena Nunez Guzman", "object_id": "18", "change_message": "", "user": 1, "content_type": 7}, "model": "admin.logentry", "pk": 116}, {"fields": {"action_flag": 2, "action_time": "2015-09-11T19:45:20.607Z", "object_repr": "Laura Ximena Nunez Guzman", "object_id": "18", "change_message": "Changed direccion, departamento, cuidad, email and informacion.", "user": 1, "content_type": 7}, "model": "admin.logentry", "pk": 117}, {"fields": {"action_flag": 1, "action_time": "2015-09-11T19:45:33.605Z", "object_repr": "Juana", "object_id": "28", "change_message": "", "user": 1, "content_type": 8}, "model": "admin.logentry", "pk": 118}, {"fields": {"action_flag": 1, "action_time": "2015-09-11T19:59:35.681Z", "object_repr": "Kelly Giovanna Galindo Moreno", "object_id": "19", "change_message": "", "user": 1, "content_type": 7}, "model": "admin.logentry", "pk": 119}, {"fields": {"action_flag": 1, "action_time": "2015-09-11T20:00:04.850Z", "object_repr": "Callia", "object_id": "29", "change_message": "", "user": 1, "content_type": 8}, "model": "admin.logentry", "pk": 120}, {"fields": {"action_flag": 1, "action_time": "2015-09-11T20:03:40.150Z", "object_repr": "Marra Mabel Avila", "object_id": "20", "change_message": "", "user": 1, "content_type": 7}, "model": "admin.logentry", "pk": 121}, {"fields": {"action_flag": 1, "action_time": "2015-09-11T20:03:51.007Z", "object_repr": "Blanca y negro (dog o cat?)", "object_id": "30", "change_message": "", "user": 1, "content_type": 8}, "model": "admin.logentry", "pk": 122}, {"fields": {"action_flag": 1, "action_time": "2015-09-11T20:07:33.562Z", "object_repr": "Monica Paipa Sanchez", "object_id": "21", "change_message": "", "user": 1, "content_type": 7}, "model": "admin.logentry", "pk": 123}, {"fields": {"action_flag": 1, "action_time": "2015-09-11T20:07:50.375Z", "object_repr": "Sacha (dog o cat?)", "object_id": "31", "change_message": "", "user": 1, "content_type": 8}, "model": "admin.logentry", "pk": 124}, {"fields": {"action_flag": 1, "action_time": "2015-09-11T20:14:55.713Z", "object_repr": "Edward Andres Suarez Cardozo", "object_id": "22", "change_message": "", "user": 1, "content_type": 7}, "model": "admin.logentry", "pk": 125}, {"fields": {"action_flag": 1, "action_time": "2015-09-11T20:15:13.294Z", "object_repr": "?? (dog o cat?)", "object_id": "32", "change_message": "", "user": 1, "content_type": 8}, "model": "admin.logentry", "pk": 126}, {"fields": {"action_flag": 2, "action_time": "2015-09-11T20:16:34.969Z", "object_repr": "?? (dog o cat?)", "object_id": "32", "change_message": "No fields changed.", "user": 1, "content_type": 8}, "model": "admin.logentry", "pk": 127}, {"fields": {"action_flag": 2, "action_time": "2015-09-11T20:17:59.293Z", "object_repr": "?? (dog o cat?)", "object_id": "32", "change_message": "Changed informacion.", "user": 1, "content_type": 8}, "model": "admin.logentry", "pk": 128}, {"fields": {"action_flag": 2, "action_time": "2015-09-11T20:18:18.446Z", "object_repr": "?? (dog o cat?)", "object_id": "32", "change_message": "No fields changed.", "user": 1, "content_type": 8}, "model": "admin.logentry", "pk": 129}, {"fields": {"action_flag": 1, "action_time": "2015-09-11T20:21:59.149Z", "object_repr": "Carlos Julio Garcia", "object_id": "23", "change_message": "", "user": 1, "content_type": 7}, "model": "admin.logentry", "pk": 130}, {"fields": {"action_flag": 1, "action_time": "2015-09-11T20:22:30.508Z", "object_repr": "Kitty Gris (dog o cat?)", "object_id": "33", "change_message": "", "user": 1, "content_type": 8}, "model": "admin.logentry", "pk": 131}, {"fields": {"action_flag": 2, "action_time": "2015-09-11T20:25:09.045Z", "object_repr": "Kitty Gris", "object_id": "33", "change_message": "Changed nombre and tipo_de_animal.", "user": 1, "content_type": 8}, "model": "admin.logentry", "pk": 132}, {"fields": {"action_flag": 2, "action_time": "2015-09-11T20:25:16.710Z", "object_repr": "?? ", "object_id": "32", "change_message": "Changed nombre and tipo_de_animal.", "user": 1, "content_type": 8}, "model": "admin.logentry", "pk": 133}, {"fields": {"action_flag": 2, "action_time": "2015-09-11T20:25:23.121Z", "object_repr": "Sacha", "object_id": "31", "change_message": "Changed nombre and tipo_de_animal.", "user": 1, "content_type": 8}, "model": "admin.logentry", "pk": 134}, {"fields": {"action_flag": 2, "action_time": "2015-09-11T20:25:29.691Z", "object_repr": "Blanca y negro", "object_id": "30", "change_message": "Changed nombre and tipo_de_animal.", "user": 1, "content_type": 8}, "model": "admin.logentry", "pk": 135}, {"fields": {"action_flag": 1, "action_time": "2015-09-11T20:30:54.953Z", "object_repr": "Jeremias Gutierrez", "object_id": "24", "change_message": "", "user": 1, "content_type": 7}, "model": "admin.logentry", "pk": 136}, {"fields": {"action_flag": 1, "action_time": "2015-09-11T20:31:21.068Z", "object_repr": "Rayito", "object_id": "34", "change_message": "", "user": 1, "content_type": 8}, "model": "admin.logentry", "pk": 137}, {"fields": {"action_flag": 1, "action_time": "2015-09-11T20:35:20.883Z", "object_repr": "Leonardo Andres Herran", "object_id": "25", "change_message": "", "user": 1, "content_type": 7}, "model": "admin.logentry", "pk": 138}, {"fields": {"action_flag": 1, "action_time": "2015-09-11T20:35:39.366Z", "object_repr": "sacha", "object_id": "35", "change_message": "", "user": 1, "content_type": 8}, "model": "admin.logentry", "pk": 139}, {"fields": {"action_flag": 1, "action_time": "2015-09-11T20:40:53.757Z", "object_repr": "**Rusos Everywell ** ***", "object_id": "26", "change_message": "", "user": 1, "content_type": 7}, "model": "admin.logentry", "pk": 140}, {"fields": {"action_flag": 1, "action_time": "2015-09-11T20:41:10.382Z", "object_repr": "mimi", "object_id": "36", "change_message": "", "user": 1, "content_type": 8}, "model": "admin.logentry", "pk": 141}, {"fields": {"action_flag": 2, "action_time": "2015-09-11T20:42:43.236Z", "object_repr": "Carmen Uriza", "object_id": "26", "change_message": "Changed nombre and apellido.", "user": 1, "content_type": 7}, "model": "admin.logentry", "pk": 142}, {"fields": {"action_flag": 2, "action_time": "2015-09-11T20:43:12.502Z", "object_repr": "Carmen Uriza", "object_id": "26", "change_message": "Changed direccion.", "user": 1, "content_type": 7}, "model": "admin.logentry", "pk": 143}, {"fields": {"action_flag": 2, "action_time": "2015-09-11T20:43:33.147Z", "object_repr": "Coral", "object_id": "36", "change_message": "Changed nombre and color.", "user": 1, "content_type": 8}, "model": "admin.logentry", "pk": 144}, {"fields": {"action_flag": 1, "action_time": "2015-09-11T20:47:15.299Z", "object_repr": "Luis Bernardo Arias", "object_id": "27", "change_message": "", "user": 1, "content_type": 7}, "model": "admin.logentry", "pk": 145}, {"fields": {"action_flag": 1, "action_time": "2015-09-11T20:47:36.805Z", "object_repr": "Nena", "object_id": "37", "change_message": "", "user": 1, "content_type": 8}, "model": "admin.logentry", "pk": 146}, {"fields": {"action_flag": 1, "action_time": "2015-09-11T20:50:07.973Z", "object_repr": "Nubia Estela Salcedo", "object_id": "28", "change_message": "", "user": 1, "content_type": 7}, "model": "admin.logentry", "pk": 147}, {"fields": {"action_flag": 1, "action_time": "2015-09-11T20:51:32.904Z", "object_repr": "Nina", "object_id": "38", "change_message": "", "user": 1, "content_type": 8}, "model": "admin.logentry", "pk": 148}, {"fields": {"action_flag": 2, "action_time": "2015-09-11T20:52:01.879Z", "object_repr": "Nina", "object_id": "38", "change_message": "No fields changed.", "user": 1, "content_type": 8}, "model": "admin.logentry", "pk": 149}, {"fields": {"action_flag": 2, "action_time": "2015-09-11T20:52:49.203Z", "object_repr": "Nina", "object_id": "38", "change_message": "Changed voluntario and estado_adopcion for adoptar \"Adoptar object\".", "user": 1, "content_type": 8}, "model": "admin.logentry", "pk": 150}, {"fields": {"action_flag": 2, "action_time": "2015-09-11T20:52:54.839Z", "object_repr": "Nina", "object_id": "38", "change_message": "Changed estado_adopcion for adoptar \"Adoptar object\".", "user": 1, "content_type": 8}, "model": "admin.logentry", "pk": 151}, {"fields": {"action_flag": 1, "action_time": "2015-09-11T20:59:16.622Z", "object_repr": "Alba ****** ****** Murillo", "object_id": "29", "change_message": "", "user": 1, "content_type": 7}, "model": "admin.logentry", "pk": 152}, {"fields": {"action_flag": 1, "action_time": "2015-09-11T21:00:02.455Z", "object_repr": "?? (sex??)", "object_id": "39", "change_message": "", "user": 1, "content_type": 8}, "model": "admin.logentry", "pk": 153}, {"fields": {"action_flag": 1, "action_time": "2015-09-11T21:06:08.942Z", "object_repr": "Leidy Martinez", "object_id": "30", "change_message": "", "user": 1, "content_type": 7}, "model": "admin.logentry", "pk": 154}, {"fields": {"action_flag": 1, "action_time": "2015-09-11T21:06:20.391Z", "object_repr": "chocolate", "object_id": "40", "change_message": "", "user": 1, "content_type": 8}, "model": "admin.logentry", "pk": 155}, {"fields": {"action_flag": 2, "action_time": "2015-09-11T21:07:35.903Z", "object_repr": "Bellanid Hernandez", "object_id": "5", "change_message": "Changed telefono, direccion and informacion.", "user": 1, "content_type": 7}, "model": "admin.logentry", "pk": 156}, {"fields": {"action_flag": 2, "action_time": "2015-09-11T21:07:39.961Z", "object_repr": "Cachetes", "object_id": "14", "change_message": "No fields changed.", "user": 1, "content_type": 8}, "model": "admin.logentry", "pk": 157}]